<?xml version="1.0" encoding="UTF-8"?>
<!DOCTYPE hibernate-mapping PUBLIC  
        "-//Hibernate/Hibernate Mapping DTD 3.0//EN"  
        "http://www.hibernate.org/dtd/hibernate-mapping-3.0.dtd">

<hibernate-mapping>
	<class entity-name="Food" table="takeout_food">
		<id name="fID" column="fID" type="string">
			<generator class="assigned" />
		</id>
		<property name="fName" column="fName" type="string" />
		<property name="fPrice" column="fPrice" type="string" />
		<property name="fDescription" column="fDescription" type="string" />
		<property name="fImage" column="fImage" type="string" />
	</class>
	<query name="queryFoodAll">
        <![CDATA[
            from Food
        ]]>
	</query>
</hibernate-mapping>   