<?xml version="1.0" encoding="UTF-8"?>
<!DOCTYPE hibernate-configuration PUBLIC  
        "-//Hibernate/Hibernate Configuration DTD 3.0//EN"  
        "http://www.hibernate.org/dtd/hibernate-configuration-3.0.dtd">

<hibernate-configuration>
	<session-factory>
		<property name="hibernate.connection.provider_class">org.hibernate.connection.C3P0ConnectionProvider</property>
		<property name="hibernate.c3p0.validate">true</property>
		<property name="hibernate.c3p0.max_size">20</property>
		<property name="hibernate.c3p0.min_size">5</property>
		<property name="hibernate.c3p0.timeout">120</property>
		<property name="automaticTestTable">Test</property>
		<property name="hibernate.c3p0.max_statements">100</property>
		<property name="hibernate.c3p0.idle_test_period">120</property>
		<property name="hibernate.c3p0.acquire_increment">1</property>
		<property name="c3p0.testConnectionOnCheckout">true</property>
		<property name="c3p0.idleConnectionTestPeriod">18000</property>
		<property name="c3p0.maxIdleTime">25000</property>
		<property name="c3p0.idle_test_period">120</property>
		
		
		<property name="dialect">org.hibernate.dialect.MySQLDialect</property>
		<property name="connection.driver_class">com.mysql.jdbc.Driver</property>
		<property name="connection.url">jdbc:mysql://127.0.0.1:3306/takeout</property>
		<property name="connection.username">root</property>
		<property name="connection.password">x5</property>

		<property name="show_sql">true</property>
		<property name="hbm2ddl.auto">update</property>

		<mapping resource="food.hbm.xml" />
		<mapping resource="order.hbm.xml" />
		<mapping resource="user.hbm.xml" />
	</session-factory>
</hibernate-configuration>  