<?xml version="1.0" encoding="UTF-8"?>
<!DOCTYPE hibernate-mapping PUBLIC  
        "-//Hibernate/Hibernate Mapping DTD 3.0//EN"  
        "http://www.hibernate.org/dtd/hibernate-mapping-3.0.dtd">

<hibernate-mapping>
	<class entity-name="User" table="takeout_user">
		<id name="fID" column="fID" type="string">
			<generator class="assigned" />
		</id>
		<property name="fName" column="fName" type="string" />
		<property name="fPhoneNumber" column="fPhoneNumber" type="string" />
		<property name="fAddress" column="fAddress" type="string" />
	</class>
	<query name="queryUserByID">
        <![CDATA[
            from User where fID = :id
        ]]>
	</query>
</hibernate-mapping>   